timestamp,detected_emotion,confidence,cam_input_ms,preprocess_ms,inference_ms,fps_effective
2025-12-12 10:50:21,None,0.00,28.08,0.00,0.00,0.00
2025-12-12 10:50:24,None,0.00,26.91,0.00,0.00,0.00
2025-12-12 10:50:27,None,0.00,28.45,0.00,0.00,0.00
2025-12-12 10:50:30,None,0.00,28.52,0.00,0.00,0.00
2025-12-12 10:50:33,None,0.00,28.77,0.00,0.00,0.00
2025-12-12 10:50:36,None,0.00,28.69,0.00,0.00,0.00
2025-12-12 10:50:39,None,0.00,29.89,0.00,0.00,0.00
2025-12-12 10:50:42,None,0.00,26.51,0.00,0.00,0.00
2025-12-12 10:50:45,None,0.00,27.06,0.00,0.00,0.00
2025-12-12 10:50:48,None,0.00,29.80,0.00,0.00,0.00
2025-12-12 10:50:51,None,0.00,28.67,0.00,0.00,0.00
2025-12-12 10:50:54,None,0.00,28.23,0.00,0.00,0.00
2025-12-12 10:51:02,None,0.00,28.71,0.00,0.00,0.00
2025-12-12 10:53:05,None,0.00,29.35,0.00,0.00,0.00
2025-12-12 10:54:19,None,0.00,28.20,0.00,0.00,0.00
2025-12-12 10:54:45,Neutral,0.61,33.00,109.06,48.96,3.33
2025-12-12 10:54:53,Neutral,0.62,33.03,167.68,43.82,3.67
2025-12-12 10:55:04,Disgusted,0.45,33.05,106.24,35.30,5.00
2025-12-12 10:55:30,Happy,0.58,32.85,107.47,47.07,3.33
2025-12-12 10:55:46,Happy,0.60,33.02,96.43,40.75,5.67
2025-12-12 10:55:57,Angry,0.39,32.96,126.06,44.38,5.67
2025-12-12 10:56:14,Angry,0.43,32.81,110.57,45.59,6.00
2025-12-12 10:56:27,Angry,0.48,33.19,106.04,43.73,6.00
2025-12-12 10:56:38,Fearful,0.37,32.59,97.89,44.74,4.67
2025-12-12 10:56:48,Happy,0.65,32.90,108.37,45.63,3.33
2025-12-12 10:56:57,Happy,0.67,33.07,188.52,54.53,3.33
2025-12-12 10:57:42,Neutral,0.44,32.97,112.57,42.05,2.33
2025-12-12 10:57:48,Sad,0.50,32.80,109.28,42.61,5.67
2025-12-12 11:04:28,Neutral,0.75,32.97,87.05,47.63,1.33
2025-12-12 11:04:35,Neutral,0.72,33.11,103.43,33.66,5.67
2025-12-12 11:04:56,Neutral,0.79,32.93,154.84,55.36,4.00
2025-12-12 11:05:07,Neutral,0.72,32.86,104.11,37.01,7.00
2025-12-12 11:05:20,Neutral,0.83,32.97,103.78,41.08,6.67
2025-12-12 11:05:37,Neutral,0.59,32.78,100.56,44.82,3.67
2025-12-12 11:05:46,Happy,0.70,32.27,93.45,31.04,5.67
2025-12-12 11:05:54,Angry,0.40,32.88,101.64,39.40,2.00
2025-12-12 11:06:01,Neutral,0.82,33.01,96.31,47.07,4.00
2025-12-12 11:06:10,Happy,0.64,32.89,105.31,38.38,5.00
2025-12-12 11:06:17,Neutral,0.46,33.16,120.22,46.60,4.00
2025-12-12 11:06:23,Neutral,0.65,33.09,93.01,42.75,4.00
2025-12-12 11:06:31,Neutral,0.55,32.98,117.19,46.59,5.00
2025-12-12 11:06:37,Neutral,0.59,32.96,98.76,37.59,0.67
2025-12-12 11:06:44,Disgusted,0.53,32.74,112.72,41.92,4.00
2025-12-12 11:06:49,Disgusted,0.77,32.89,131.48,39.39,0.33
2025-12-12 11:06:55,Happy,0.74,32.84,116.39,62.73,1.33
2025-12-12 11:07:01,Fearful,0.27,33.17,106.70,42.93,1.67
2025-12-12 11:07:06,Neutral,0.55,33.08,113.36,68.25,1.67
2025-12-12 11:07:14,Happy,0.67,32.90,106.80,42.43,2.00
2025-12-12 11:08:13,None,0.00,32.98,108.68,0.00,0.00
2025-12-12 11:08:16,None,0.00,33.18,124.94,0.00,0.00
2025-12-12 11:08:19,None,0.00,32.62,116.24,0.00,0.00
2025-12-12 11:08:22,None,0.00,32.97,99.19,0.00,0.00
2025-12-12 11:08:25,Happy,0.82,32.89,107.37,39.27,5.00
2025-12-12 11:08:34,Neutral,0.61,32.94,108.51,37.06,0.33
2025-12-12 11:08:43,Sad,0.31,32.95,105.48,29.84,0.33
2025-12-12 11:08:50,None,0.00,32.76,66.67,0.00,0.00
2025-12-12 11:08:53,None,0.00,32.44,57.39,0.00,0.00
2025-12-12 11:08:56,None,0.00,32.61,62.81,0.00,0.00
2025-12-12 11:08:59,None,0.00,32.53,79.62,0.00,0.00
2025-12-12 11:09:02,None,0.00,32.24,72.89,0.00,0.00
2025-12-12 11:09:05,None,0.00,32.62,77.28,0.00,0.00
2025-12-12 11:09:08,None,0.00,32.65,61.60,0.00,0.00
2025-12-12 11:09:11,None,0.00,32.85,57.12,0.00,0.00
2025-12-12 11:09:14,None,0.00,31.82,63.88,0.00,0.00
2025-12-12 11:09:17,None,0.00,32.15,60.31,0.00,0.00
2025-12-12 11:09:20,None,0.00,32.66,66.53,0.00,0.00
2025-12-12 11:09:23,None,0.00,32.99,58.31,0.00,0.00
2025-12-12 11:09:26,None,0.00,32.24,62.12,0.00,0.00
2025-12-12 11:09:29,None,0.00,32.61,78.82,0.00,0.00
2025-12-12 11:09:32,None,0.00,32.45,67.66,0.00,0.00
2025-12-12 11:09:35,None,0.00,32.93,101.73,0.00,0.00
2025-12-12 11:09:39,None,0.00,32.34,80.84,0.00,0.00
2025-12-12 11:09:42,None,0.00,32.60,74.56,0.00,0.00
2025-12-12 11:09:45,None,0.00,32.85,63.62,0.00,0.00
2025-12-12 11:09:48,None,0.00,32.86,83.32,0.00,0.00
2025-12-12 11:09:51,None,0.00,32.52,75.27,0.00,0.00
2025-12-12 11:09:54,None,0.00,32.70,64.57,0.00,0.00
2025-12-12 11:09:57,None,0.00,32.43,63.99,0.00,0.00
2025-12-12 11:10:00,Angry,0.64,32.72,95.86,44.95,4.67
2025-12-12 11:10:19,Sad,0.49,33.00,110.18,48.62,5.67
2025-12-12 11:10:30,Sad,0.71,32.72,183.06,54.26,1.00
2025-12-12 11:10:35,Fearful,0.84,32.71,179.64,54.16,1.67
2025-12-12 11:10:44,Sad,0.41,32.62,131.33,49.69,1.00
2025-12-12 11:10:48,Happy,0.64,32.70,109.25,46.07,1.67
2025-12-12 11:10:53,Happy,0.43,32.95,105.32,40.64,1.00
2025-12-12 11:13:16,Neutral,0.66,33.04,111.14,41.69,6.33
2025-12-12 11:13:23,Happy,0.78,33.12,98.49,37.11,7.33
2025-12-12 11:13:36,Happy,0.48,32.70,112.39,44.99,6.00
2025-12-12 11:13:47,Neutral,0.67,33.14,107.81,43.71,6.33
2025-12-12 11:13:52,Neutral,0.60,33.18,91.95,35.51,7.67
2025-12-12 11:14:01,Sad,0.69,33.00,88.47,32.60,7.67
2025-12-12 11:14:06,Sad,0.82,32.91,103.47,38.22,3.67
2025-12-12 11:31:47,None,0.00,28.42,0.00,0.00,0.00
2025-12-12 11:31:53,None,0.00,29.30,0.00,0.00,0.00
2025-12-12 11:31:56,None,0.00,26.56,0.00,0.00,0.00
2025-12-12 11:31:59,None,0.00,28.91,0.00,0.00,0.00
2025-12-12 11:32:02,None,0.00,28.84,0.00,0.00,0.00
2025-12-12 11:32:05,None,0.00,29.35,0.00,0.00,0.00
2025-12-12 11:32:09,None,0.00,29.82,0.00,0.00,0.00
2025-12-12 11:32:12,None,0.00,28.14,0.00,0.00,0.00
2025-12-12 11:32:15,None,0.00,27.58,0.00,0.00,0.00
2025-12-12 11:32:18,None,0.00,27.68,0.00,0.00,0.00
2025-12-12 11:32:21,None,0.00,29.53,0.00,0.00,0.00
2025-12-12 11:32:24,None,0.00,28.38,0.00,0.00,0.00
2025-12-12 11:32:27,None,0.00,28.37,0.00,0.00,0.00
2025-12-12 11:32:30,None,0.00,29.01,0.00,0.00,0.00
2025-12-12 11:32:33,None,0.00,29.86,0.00,0.00,0.00
2025-12-12 11:32:36,None,0.00,28.33,0.00,0.00,0.00
2025-12-12 11:32:39,None,0.00,28.90,0.00,0.00,0.00
2025-12-12 11:32:42,None,0.00,28.65,0.00,0.00,0.00
2025-12-12 11:32:45,None,0.00,29.14,0.00,0.00,0.00
2025-12-12 11:32:48,None,0.00,27.96,0.00,0.00,0.00
2025-12-12 11:32:51,None,0.00,28.02,0.00,0.00,0.00
2025-12-12 11:32:54,None,0.00,28.08,0.00,0.00,0.00
2025-12-12 11:32:57,None,0.00,29.01,0.00,0.00,0.00
2025-12-12 11:33:00,None,0.00,28.54,0.00,0.00,0.00
2025-12-12 11:46:23,Neutral,33.18,273.94,47.41,3.00
2025-12-12 11:46:31,Neutral,32.90,198.30,39.50,4.00
2025-12-12 11:46:47,Neutral,33.18,231.08,43.26,3.33
2025-12-12 11:46:54,Happy,32.96,216.81,36.31,3.67
2025-12-12 11:47:01,Happy,33.00,234.64,41.16,3.00
2025-12-12 11:47:08,Sad,33.01,264.49,42.35,3.00
2025-12-12 11:47:14,Sad,32.79,239.03,40.20,3.33
2025-12-12 11:48:07,Angry,32.54,87.48,0.00,0.00
2025-12-12 11:48:19,Angry,32.54,230.76,41.80,3.67
2025-12-12 11:48:39,Disgusted,32.97,230.21,39.75,3.67
2025-12-12 11:48:44,Disgusted,32.78,269.97,40.87,3.00
2025-12-12 11:48:53,Sad,32.54,221.38,47.18,3.33
2025-12-12 11:49:01,Neutral,32.90,263.28,48.27,3.00
2025-12-12 11:49:45,Sad,32.97,171.88,40.88,4.33
2025-12-12 11:49:51,Sad,32.74,196.86,40.75,4.00
2025-12-12 11:49:57,Angry,32.88,186.42,41.81,2.67
2025-12-12 11:50:02,Angry,32.97,206.63,36.41,3.33
2025-12-12 11:50:39,Neutral,32.69,264.64,51.84,3.00
2025-12-12 11:50:46,Happy,32.92,202.72,40.43,4.00
2025-12-12 11:50:56,Happy,32.97,204.52,39.57,4.00
2025-12-12 11:51:04,Happy,33.20,206.14,41.61,4.00
2025-12-12 11:51:16,Happy,33.21,252.42,43.46,3.33
2025-12-12 11:51:33,Happy,32.78,213.73,49.89,3.67
2025-12-12 11:51:41,Happy,32.96,251.44,42.84,3.33
2025-12-12 11:51:54,Neutral,32.69,181.16,37.11,4.33
2025-12-12 11:52:01,Neutral,33.12,191.42,39.17,4.33
2025-12-12 11:52:07,Disgusted,32.86,188.81,34.67,4.33
2025-12-12 11:52:13,Disgusted,32.68,201.78,39.98,4.00
2025-12-12 11:52:19,Disgusted,32.13,205.65,41.86,3.67
2025-12-12 11:52:28,Angry,32.79,200.32,38.74,1.67
2025-12-12 11:52:40,Disgusted,32.50,208.86,40.48,3.67
2025-12-12 11:52:49,Happy,33.03,205.67,49.29,3.67
2025-12-12 11:53:01,Neutral,33.02,184.73,43.08,4.33
2025-12-12 11:53:10,Disgusted,33.24,179.84,41.44,4.33
2025-12-12 11:53:18,Neutral,32.87,210.25,49.67,3.67
2025-12-12 11:53:29,Neutral,32.98,259.94,49.23,3.00
2025-12-12 11:53:36,Neutral,32.90,241.27,39.46,3.33
2025-12-12 11:53:44,Sad,33.07,282.86,40.13,3.00
2025-12-12 12:45:39,Sad,32.68,254.18,168.18,0.67
2025-12-12 12:46:32,None,33.18,108.46,0.00,0.00
2025-12-12 12:46:35,None,33.12,132.57,0.00,0.00
2025-12-12 12:46:38,Happy,33.01,158.36,50.62,1.33
2025-12-12 12:50:35,None,32.80,105.78,0.00,0.00
2025-12-12 12:50:38,Sad,32.89,151.82,49.32,0.33
2025-12-12 12:54:08,None,33.05,115.23,0.00,0.00
2025-12-12 12:54:11,Fearful,32.95,164.73,33.04,1.00
2025-12-16 04:34:48,Neutral,59.69,34.56,46.76,12.00
2025-12-16 04:35:00,Sad,59.83,29.53,34.57,15.00
2025-12-16 04:35:15,Happy,60.33,32.44,36.12,14.00
2025-12-16 04:35:37,Sad,41.32,37.15,44.91,11.67
2025-12-16 04:35:52,Sad,33.04,38.79,39.38,12.33
2025-12-16 04:36:05,Neutral,32.65,33.22,44.65,12.33
2025-12-16 04:36:16,Neutral,32.89,37.92,35.36,13.33
2025-12-16 04:36:33,Angry,32.86,34.51,41.85,12.67
2025-12-16 04:36:44,Sad,32.85,37.98,46.92,11.33
2025-12-16 05:00:54,Surprised,59.72,37.25,37.94,13.00
2025-12-16 05:01:06,Happy,59.89,33.50,35.40,14.00
2025-12-16 05:01:27,Happy,59.32,37.05,40.17,12.33
2025-12-16 05:01:35,Angry,59.74,33.50,38.97,13.33
2025-12-16 05:01:43,Angry,59.65,37.69,43.35,12.00
2025-12-16 05:01:49,Neutral,59.49,31.95,42.08,13.33
2025-12-16 05:01:59,Neutral,32.58,39.16,50.02,11.00
2025-12-16 05:02:11,Neutral,32.96,35.67,40.63,13.00
2025-12-16 05:02:17,Neutral,47.03,33.11,41.64,13.00
2025-12-16 05:02:22,Neutral,59.69,35.01,42.43,12.33
2025-12-16 05:02:30,Angry,59.83,35.98,41.38,12.67
2025-12-16 05:02:36,Disgusted,59.77,36.92,46.36,11.33
2025-12-16 05:02:43,Angry,59.93,40.19,38.04,12.67
2025-12-16 05:02:49,Angry,43.63,36.21,43.84,12.00
2025-12-16 05:02:55,Happy,51.78,37.50,41.33,12.33
2025-12-16 05:03:02,Angry,59.44,37.97,47.90,11.33
2025-12-16 05:03:08,Happy,59.80,43.93,44.95,11.00
2025-12-16 05:03:15,Surprised,59.94,33.72,41.19,13.00
2025-12-16 05:03:23,Sad,59.50,38.47,46.62,11.33
2025-12-16 05:03:31,Angry,59.41,33.11,40.55,13.00
2025-12-16 05:03:38,Angry,59.52,40.10,44.32,11.33
2025-12-16 05:04:01,Angry,59.57,39.42,40.70,12.00
2025-12-16 05:05:24,None,0.00,0.00,0.00,0.00
2025-12-16 05:05:27,None,0.00,0.00,0.00,0.00
2025-12-16 05:06:18,Happy,32.52,48.70,60.93,8.67
2025-12-16 05:06:37,Neutral,32.52,33.73,37.86,13.33
2025-12-16 05:06:47,Angry,32.76,32.82,45.15,12.67
2025-12-16 05:06:55,Neutral,33.00,35.82,46.91,11.67
2025-12-16 05:07:01,Neutral,33.11,34.97,40.74,12.67
2025-12-16 05:07:23,Angry,32.72,29.74,45.21,13.00
2025-12-16 05:07:32,Angry,59.70,33.73,39.27,13.00
2025-12-16 05:07:38,Angry,32.66,40.42,45.38,11.33
2025-12-16 05:07:51,Neutral,41.69,35.20,46.57,12.00
2025-12-16 05:07:57,Happy,32.74,37.60,39.57,12.33
2025-12-16 05:08:34,Happy,59.56,32.83,43.40,12.33
2025-12-16 05:08:40,Neutral,59.44,34.81,45.16,12.00
2025-12-16 05:08:45,Angry,59.57,36.07,38.26,13.00
2025-12-16 05:08:52,Angry,59.89,40.28,42.38,11.67
2025-12-16 05:08:59,Angry,59.30,41.42,44.58,11.33
2025-12-16 05:09:04,Neutral,59.04,36.23,46.38,11.67
2025-12-16 05:09:11,Angry,59.70,37.88,41.34,12.33
2025-12-16 05:09:18,Angry,60.00,47.62,56.67,9.67
2025-12-16 05:09:24,Sad,59.78,44.26,47.74,10.67
2025-12-16 05:09:30,Sad,59.78,36.94,44.30,12.00
2025-12-16 05:09:35,Angry,59.92,35.61,54.40,11.00
2025-12-16 05:09:47,Sad,32.63,41.71,44.30,11.33
2025-12-16 05:09:54,Happy,32.75,36.42,45.39,11.67
2025-12-16 05:10:01,Sad,60.13,33.48,45.99,12.00
2025-12-16 05:10:09,Happy,59.77,32.38,42.65,12.67
2025-12-16 05:10:15,Sad,59.73,35.72,44.51,12.00
2025-12-16 05:10:21,Happy,59.82,35.97,45.13,11.67
2025-12-16 05:10:26,Neutral,59.82,31.68,45.45,12.33
2025-12-16 05:10:32,Angry,59.41,37.74,44.74,11.67
2025-12-16 05:10:37,Angry,59.69,42.41,46.96,10.67
2025-12-16 05:10:42,Surprised,60.13,34.24,49.55,11.67
2025-12-16 05:10:48,Surprised,59.78,38.27,44.71,11.33
2025-12-16 05:10:53,Surprised,34.79,34.42,46.99,12.00
2025-12-16 05:11:02,Neutral,32.69,42.01,51.63,10.33
2025-12-16 05:11:08,Neutral,37.17,34.38,46.28,12.00
2025-12-16 05:11:14,Sad,32.84,34.82,43.80,12.67
2025-12-16 05:11:22,Sad,32.80,33.33,43.54,12.67
2025-12-16 05:11:39,Neutral,33.85,37.35,44.76,11.67
2025-12-16 05:11:46,Neutral,42.41,34.57,45.99,9.33
2025-12-16 05:12:23,Sad,59.63,36.04,44.75,12.00
2025-12-16 05:12:30,Neutral,56.66,33.61,43.44,12.33
2025-12-16 05:12:36,Neutral,59.30,35.63,39.71,12.67
2025-12-16 05:12:40,Neutral,48.14,33.62,44.43,12.67
2025-12-16 05:12:44,Angry,42.64,39.52,44.62,11.33
2025-12-16 05:12:50,Happy,32.77,39.46,55.10,10.33
2025-12-16 05:13:15,Neutral,59.77,35.52,47.65,11.67
2025-12-16 05:13:20,Neutral,32.68,33.74,47.26,12.00
2025-12-16 05:13:27,Neutral,59.50,37.31,41.96,12.33
2025-12-16 05:13:32,Neutral,59.53,32.48,46.42,12.33
2025-12-16 05:13:38,Neutral,59.82,34.24,45.67,11.67
2025-12-16 05:13:43,Happy,59.85,31.49,42.14,13.00
2025-12-16 05:13:49,Angry,59.72,40.31,48.03,11.00
2025-12-16 05:13:57,Sad,59.06,40.36,58.08,9.67
2025-12-16 05:14:04,Sad,59.65,35.63,43.33,12.33
2025-12-16 05:14:10,Sad,59.94,32.90,46.02,12.33
2025-12-16 05:14:16,Sad,59.81,34.60,44.45,12.33
2025-12-16 05:14:21,Surprised,59.55,33.77,41.61,12.67
2025-12-16 05:14:27,Surprised,59.58,36.08,46.06,11.33
2025-12-16 05:16:44,Neutral,59.69,40.44,43.04,11.67
2025-12-16 05:16:52,Sad,59.93,37.83,42.31,12.33
2025-12-16 05:17:19,Neutral,32.94,37.51,47.15,11.33
2025-12-16 05:17:45,Neutral,59.66,30.12,46.36,12.67
2025-12-16 05:17:51,Sad,59.52,37.22,46.95,11.33
2025-12-16 05:17:57,Neutral,60.01,36.19,41.43,12.33
2025-12-16 05:18:07,Angry,59.96,31.34,47.11,12.33
2025-12-16 05:18:16,Happy,59.57,36.93,44.12,11.67
2025-12-16 05:18:34,Happy,32.67,39.95,46.87,11.00
